{"cameraMode":{"drawMode":0,"name":"Shaded","section":"Shading Mode"},"sceneLighting":true,"audioPlay":false,"sceneViewState":{"m_AlwaysRefresh":false,"showFog":true,"showSkybox":true,"showFlares":true,"showImageEffects":true,"showParticleSystems":true,"showVisualEffectGraphs":true,"m_FxEnabled":true},"in2DMode":false,"pivot":{"x":-0.9781771898269653,"y":0.2272157520055771,"z":0.0007303059101104736},"rotation":{"x":-0.2061152160167694,"y":0.22290419042110444,"z":-0.04831136763095856,"w":-0.9516080021858215},"size":0.8656667470932007,"orthographic":false}