{"cameraMode":{"drawMode":0,"name":"Shaded","section":"Shading Mode"},"sceneLighting":true,"audioPlay":false,"sceneViewState":{"m_AlwaysRefresh":false,"showFog":true,"showSkybox":true,"showFlares":true,"showImageEffects":true,"showParticleSystems":true,"showVisualEffectGraphs":true,"m_FxEnabled":true},"in2DMode":false,"pivot":{"x":10.098750114440918,"y":18.760913848876954,"z":31.219493865966798},"rotation":{"x":-0.024806050583720208,"y":0.9751354455947876,"z":-0.16118085384368897,"w":-0.1500702202320099},"size":2.211106061935425,"orthographic":false}